title,description,content,source,publishedAt,url
Bitget Shatters New Milestone with $5B in Stock Futures Cumulative Trading Volume,"VICTORIA, Seychelles, Nov. 19, 2025 (GLOBE NEWSWIRE) — Bitget, the world’s largest Universal Exchange (UEX), today announced a new milestone for its fast-growing stock futures product line, surpassing $5 billion in cumulative trading volume. The achievement c…","THIS CONTENT IS RESERVED FOR SUBSCRIBERS ONLY
Subscribe now to read the latest news in your city and across Canada.
<ul><li>Exclusive articles from Barbara Shecter, Joe O'Connor, Gabriel Friedman, … [+5322 chars]",Financial Post,2025-11-20T04:25:06Z,https://financialpost.com/globe-newswire/bitget-shatters-new-milestone-with-5b-in-stock-futures-cumulative-trading-volume
Bitget Shatters New Milestone with $5B in Stock Futures Cumulative Trading Volume,Bitget surpasses $5B in stock futures volume as demand for tokenized equity trading accelerates globally.......,"VICTORIA, Seychelles, Nov. 19, 2025 (GLOBE NEWSWIRE) -- Bitget
, the worlds largest Universal Exchange (UEX), today announced a new milestone for its fast-growing stock futures product line, surpass… [+4604 chars]",GlobeNewswire,2025-11-20T04:21:00Z,https://www.globenewswire.com/news-release/2025/11/20/3191562/0/en/Bitget-Shatters-New-Milestone-with-5B-in-Stock-Futures-Cumulative-Trading-Volume.html
"As Musk Hints That Tesla Could Make Its Own AI Chips, Should You Buy TSLA Stock?",,"{ window.open(this.href, '_blank'); }, 200); return false;""&gt;Why did Meta win its FTC antitrust case? { window.open(this.href, '_blank'); }, 200); return false;""&gt;How will Nvidia's earnings impac… [+749 chars]",Biztoc.com,2025-11-19T17:50:39Z,https://biztoc.com/x/dc6cf6ae015e41bb
"As Musk Hints That Tesla Could Make Its Own AI Chips, Should You Buy TSLA Stock?","Musk’s chip-fab talk boosts Tesla’s long-term narrative, but stalled earnings and premium multiples mean the stock still demands belief over proof.","Tesla (TSLA) is again caught in the spotlight after CEO Elon Musk told shareholders that Teslas wildly ambitious AI agenda may soon include making its own chips. At the companys annual meeting, Musk … [+6333 chars]",Barchart.com,2025-11-19T17:42:30Z,https://www.barchart.com/story/news/36211968/as-musk-hints-that-tesla-could-make-its-own-ai-chips-should-you-buy-tsla-stock
"Before you buy Nvidia, here’s what one expert wants you to know","Thinking of buying Nvidia? A recent survey shows more people are investing in the market and, in some cases, favoring individual stocks over ETFs. Is it...","Nvidia is reporting earnings on Wednesday. Of course, the AI chipmaker is the focus of the market most days. Nvidia (NVDA) is one of the so-called Magnificent Seven the large-cap technology companies… [+4595 chars]",Yahoo Entertainment,2025-11-19T17:35:38Z,https://finance.yahoo.com/personal-finance/investing/article/before-you-buy-nvidia-heres-what-one-expert-wants-you-to-know-173538043.html
Nvidia isn't the only stock to watch. Why experts say you should consider buying others just like it.,"Thinking of buying Nvidia? A recent survey shows more people are investing in the market and, in some cases, favoring individual stocks over ETFs. Is it...","Nvidia reported earnings on Wednesday, topping analysts' estimates. Of course, the AI chipmaker is the focus of the market most days. Nvidia (NVDA) is one of the so-called Magnificent Seven the large… [+4619 chars]",Yahoo Entertainment,2025-11-19T17:35:38Z,https://finance.yahoo.com/personal-finance/investing/article/nvidia-isnt-the-only-stock-to-watch-why-experts-say-you-should-consider-buying-others-just-like-it-173538962.html
Is Meta Stock a Buy or a Sell Before Michael Burry Drops His Bombshell on November 25?,"Meta Platforms stock has been under pressure of late, among others, due to the allegations that Michael Burry has leveled against hyperscalers. Burry has...","Meta Platforms (META), which not long ago was the year's best-performing constituent of the Magnificent Seven and briefly joined the $2 trillion market cap club, has since pared gains and has lost ne… [+4896 chars]",Barchart.com,2025-11-19T16:46:24Z,https://www.barchart.com/story/news/36210800/is-meta-stock-a-buy-or-a-sell-before-michael-burry-drops-his-bombshell-on-november-25
Where Will Amazon Stock Trade in One Year — And What Will Drive AMZN?,Analysts expect solid momentum in Amazon’s business to translate into upside for the stock. Analysts see notable upside in AMZN stock over the next 12 months...,"The markets enthusiasm for artificial intelligence (AI) has defined much of 2025 so far. With significant investments in AI infrastructure, a couple of rate cuts, and the U.S. economy continuing to d… [+4616 chars]",Barchart.com,2025-11-19T15:48:42Z,https://www.barchart.com/story/news/36209877/where-will-amazon-stock-trade-in-one-year-and-what-will-drive-amzn
Tesla Stock’s Rally Hits the Brakes: Time to Sell?,"Quick Read
 
 
 Tesla (TSLA) fell nearly 10% in five sessions and trades at 181 times forward earnings. 
 
 Tesla received a ride-hailing permit from Arizona for its robotaxi rollout. 
 
 Stifel raised its Tesla price target to $508 from $483 on optimism abou…","Quick Read
Tesla (TSLA) fell nearly 10% in five sessions and trades at 181 times forward earnings. 
Tesla received a ride-hailing permit from Arizona for its robotaxi rollout. 
Stifel raised its T… [+130 chars]",Biztoc.com,2025-11-19T14:39:54Z,https://biztoc.com/x/ef13c98910c65660
T-bill and chill: Robinhood CIO on what to do after the selloff and the danger markets are ignoring,"The best move investors can make right now may be to just ‘sit tight,’ says Robinhood’s CIO Stephanie Guild.","A previous version of this report gave the incorrect release date for the Philly Fed survey, which is expected on Thursday.
Robinhood's Stephanie Guild has been trimming tech in portfolios since Sep… [+8170 chars]",MarketWatch,2025-11-19T14:32:00Z,https://www.marketwatch.com/story/t-bill-and-chill-robinhood-cio-on-what-to-do-after-the-selloff-and-the-danger-markets-are-ignoring-7a5e1ade
Artificial Intelligence Influence on Solar Energy Market Driving Revenues Projected to Reach $18 Billion by 2030,"MarketNewsUpdates News Commentary    NEW YORK, Nov.  19, 2025  (GLOBE NEWSWIRE) -- Artificial Intelligence (AI) integration into solar design platforms...","MarketNewsUpdatesNews Commentary
NEW YORK, Nov. 19, 2025 (GLOBE NEWSWIRE) -- Artificial Intelligence (AI) integration into solar design platforms is accelerating as companies work to automate and en… [+13606 chars]",GlobeNewswire,2025-11-19T13:45:00Z,https://www.globenewswire.com/news-release/2025/11/19/3190958/0/en/Artificial-Intelligence-Influence-on-Solar-Energy-Market-Driving-Revenues-Projected-to-Reach-18-Billion-by-2030.html
Healthcare Rotation Underway: 3 Stocks Leading the Charge,"Are healthcare stocks finally back in fashion? After years of underperformance, a healthcare rotation is underway, led by these three innovative drug makers.","Assortment of medical objects, includig pills, syringes, and a first-aid kit.
<ul><li>Tech stocks have been volatile lately, leading some investors to take profits and look for safer sectors.
</li>… [+6146 chars]",MarketBeat,2025-11-19T13:24:00Z,https://www.marketbeat.com/originals/healthcare-rotation-underway-3-stocks-leading-the-charge/?utm_source=yahoofinance&amp;utm_medium=yahoofinance
Cantor Fitzgerald Boosts Tesla (TSLA) Price Target as New Production Plans Accelerate Growth Outlook,"Tesla Inc. (NASDAQ:TSLA) ranks among the best sustainability stocks to invest in. On October 27, Cantor Fitzgerald maintained its Overweight rating on Tesla ...","Tesla Inc. (NASDAQ:TSLA) ranks among the best sustainability stocks to invest in. On October 27, Cantor Fitzgerald maintained its Overweight rating on Tesla Inc. (NASDAQ:TSLA) and increased its price… [+2048 chars]",Yahoo Entertainment,2025-11-19T05:25:41Z,https://finance.yahoo.com/news/cantor-fitzgerald-boosts-tesla-tsla-052541241.html
"Musk’s xAI in advanced talks to raise $15 billion at $230 billion valuation, WSJ reports","The fundraising terms were outlined to investors by Musk’s wealth manager, ‌Jared Birchall, on Tuesday night, the report said.  It was not clear whether the...","(Reuters) -Elon Musks artificial-intelligence startup xAI (XAAI.PVT) is in advanced talks to raise $15 billion in fresh equity at a valuation of $230 billion, the Wall Street Journal reported on Tues… [+1584 chars]",Yahoo Entertainment,2025-11-19T04:17:24Z,https://finance.yahoo.com/news/musk-xai-advanced-talks-raise-041724968.html
Purpose Investments Inc. Announces November 2025 Distributions,"TORONTO, Nov. 18, 2025 (GLOBE NEWSWIRE) — Purpose Investments Inc. (“Purpose”) is pleased to announce distributions for the month of November 2025 for its open-end exchange-traded funds and closed-end funds (“the Funds”).         The ex-distribution date for …","TORONTO, Nov. 18, 2025 (GLOBE NEWSWIRE) Purpose Investments Inc. (Purpose) is pleased to announce distributions for the month of November 2025 for its open-end exchange-traded funds and closed-end fu… [+15049 chars]",Financial Post,2025-11-19T00:04:29Z,https://financialpost.com/globe-newswire/purpose-investments-inc-announces-november-2025-distributions
Purpose Investments Inc. Announces November 2025 Distributions,"TORONTO, Nov. 18, 2025 (GLOBE NEWSWIRE) -- Purpose Investments Inc. (“Purpose”) is pleased to announce distributions for the month of November 2025 for its open-end exchange-traded funds and closed-end funds (“the Funds”).         The ex-distribution date for…","TORONTO, Nov. 18, 2025 (GLOBE NEWSWIRE) -- Purpose Investments Inc. (Purpose) is pleased to announce distributions for the month of November 2025 for its open-end exchange-traded funds and closed-end… [+12966 chars]",GlobeNewswire,2025-11-19T00:00:00Z,https://www.globenewswire.com/news-release/2025/11/19/3190551/0/en/Purpose-Investments-Inc-Announces-November-2025-Distributions.html
"Stock market today: Nasdaq, S&P 500 rise, Dow slips as Wall Street awaits Nvidia earnings, bitcoin resumes sell-off","Investors prepared for Nvidia earnings, following several days of losses for stocks.",Stocks moved mostly higher on Wednesday as Wall Street looked recover from a tech-led sell-off as investors awaited earnings from Nvidia (NVDA) that will set the tone for the next leg of the AI trade… [+8634 chars],Yahoo Entertainment,2025-11-18T23:36:34Z,https://finance.yahoo.com/news/live/stock-market-today-nasdaq-sp-500-rise-dow-slips-as-wall-street-awaits-nvidia-earnings-bitcoin-resumes-sell-off-233634143.html
"Stock market today: Nasdaq, S&P 500, Dow rise as Wall Street awaits Nvidia earnings","Investors prepared for Nvidia earnings, following several days of losses for stocks.","Stocks moved higher on Wednesday to recover from a tech-led sell-off as investors awaited earnings from Nvidia (NVDA) that will set the tone for the next leg of the AI trade.
The Nasdaq Composite (^… [+7967 chars]",Yahoo Entertainment,2025-11-18T23:36:34Z,https://finance.yahoo.com/news/live/stock-market-today-nasdaq-sp-500-dow-rise-as-wall-street-awaits-nvidia-earnings-233634674.html
Daily ETF Flows: VXUS Pulls In $481M,"<p>Here are the daily ETF fund flows for November 17, 2025.</p>","Top 10 Creations (All ETFs)
<table><tr><td>Ticker
</td><td>Name
</td><td>Net Flows ($, mm)
</td><td>AUM ($, mm)
</td><td>AUM % Change
</td></tr><tr><td>VOO
</td><td>Vanguard S&amp;P 500 ETF
<… [+3946 chars]",Etf.com,2025-11-18T23:00:04Z,http://www.etf.com/sections/daily-etf-flows/daily-etf-flows-vxus-pulls-481m?utm_source=yahoo-finance&amp;utm_medium=rss&amp;utm_campaign=yahoo-finance-rss
Stocks Retreat on Tech Weakness,"The S&P 500 Index ($SPX ) (SPY ) on Tuesday closed down by -0.83%, the Dow Jones Industrials Index ($DOWI ) (DIA ) closed down by -1.07%, and the Nasdaq 100 ...","The S&amp;P 500 Index ($SPX) (SPY) on Tuesday closed down by -0.83%, the Dow Jones Industrials Index ($DOWI) (DIA) closed down by -1.07%, and the Nasdaq 100 Index ($IUXX) (QQQ) closed down by -1.20%.… [+7898 chars]",Barchart.com,2025-11-18T21:38:18Z,https://www.barchart.com/story/news/36193478/stocks-retreat-on-tech-weakness
Elon Musk has a harsh message for Bill Gates,"Elon Musk just reopened one of his favorite long-time grudges, and, as usual, it was far from a whisper. After the Gates Foundation dumped 65% of its...","Elon Musk just reopened one of his favorite long-time grudges, and, as usual, it was far from a whisper.
After the Gates Foundation dumped 65% of its Microsoft (MSFT) stake in Q3 (an estimated $8.8 … [+4971 chars]",TheStreet,2025-11-18T21:31:39Z,https://www.thestreet.com/investing/stocks/elon-musk-has-a-harsh-message-for-bill-gates
Major crypto stocks surge as Bitcoin recovers,"Bitcoin (BTC) edged higher after its sharp retreat from the $89,000 zone, lifting parts of the crypto-equities sector even as broader markets remained mixed....","Bitcoin (BTC) edged higher after its sharp retreat from the $89,000 zone, lifting parts of the crypto-equities sector even as broader markets remained mixed. The asset bounced from a seven-month low … [+2036 chars]",TheStreet,2025-11-18T21:01:45Z,https://www.thestreet.com/crypto/trading/major-crypto-stocks-surge-as-bitcoin-recovers
"AI Spending Is ‘NOT’ Slowing Down, According to Wedbush. That Makes Nvidia Stock a Buy Before November 19.",Tech stocks are facing pressure in the market as talk of an AI bubble worries investors while analysts claim a tech rally.,"Nvidia (NVDA) is a global technology leader specializing in graphics processing units (GPUs), data center hardware, and artificial intelligence solutions. The companys GPUs power everything from gami… [+3931 chars]",Barchart.com,2025-11-18T20:07:43Z,https://www.barchart.com/story/news/36191839/ai-spending-is-not-slowing-down-according-to-wedbush-that-makes-nvidia-stock-a-buy-before-november-19
Peter Thiel Just Slashed His Stake in Tesla Stock by 76%. Should You Sell TSLA Too?,"Valuation bears had another chance to sharpen their claws after Palantir (PLTR) co-founder and a member of the so-called PayPal (PYPL) Mafia, Peter Thiel, reduced his stake by a considerable 76% in his former colleague Elon Musk's company, Tesla (TSLA).
Recen…","Valuation bears had another chance to sharpen their claws after Palantir (PLTR) co-founder and a member of the so-called PayPal (PYPL) Mafia, Peter Thiel, reduced his stake by a considerable 76% in h… [+144 chars]",Biztoc.com,2025-11-18T17:35:57Z,https://biztoc.com/x/5dba1032ada703bf
Peter Thiel Just Slashed His Stake in Tesla Stock by 76%. Should You Sell TSLA Too?,"After paring his complete stake in Nvidia, the Palantir co-founder has trimmed his stake in the EV leader substantially.","Valuation bears had another chance to sharpen their claws after Palantir (PLTR) co-founder and a member of the so-called PayPal (PYPL) Mafia, Peter Thiel, reduced his stake by a considerable 76% in h… [+6172 chars]",Barchart.com,2025-11-18T17:28:06Z,https://www.barchart.com/story/news/36189193/peter-thiel-just-slashed-his-stake-in-tesla-stock-by-76-should-you-sell-tsla-too
YieldMax® Launches New Fund Family Focused on Growth + Income: Performance and Distribution Target 25™ ETFs,YieldMax® Launches New Fund Family Focused on Growth + Income: Performance and Distribution Target 25™ ETFs......,"CHICAGO and MILWAUKEE and NEW YORK, Nov. 18, 2025 (GLOBE NEWSWIRE) -- YieldMax® ETFs is thrilled to announce the expansion of its growth and income fund lineup with the launch of a new fund family: t… [+7031 chars]",GlobeNewswire,2025-11-18T16:30:00Z,https://www.globenewswire.com/news-release/2025/11/18/3190333/0/en/YieldMax-Launches-New-Fund-Family-Focused-on-Growth-Income-Performance-and-Distribution-Target-25-ETFs.html
Stock Indexes Slump as the Slide in Tech Stocks Deepens,"The S&P 500 Index ($SPX ) (SPY ) today is down by -1.17%, the Dow Jones Industrials Index ($DOWI ) (DIA ) is down by -1.24%, and the Nasdaq 100 Index ($IUXX ...","The S&amp;P 500 Index ($SPX) (SPY) today is down by -1.17%, the Dow Jones Industrials Index ($DOWI) (DIA) is down by -1.24%, and the Nasdaq 100 Index ($IUXX) (QQQ) is down by -1.57%.  December E-mini… [+7436 chars]",Barchart.com,2025-11-18T16:20:51Z,https://www.barchart.com/story/news/36187717/stock-indexes-slump-as-the-slide-in-tech-stocks-deepens
This sector is heating up as investors get skittish on tech. Why it may be the dark horse for 2026.,"With doubts building among some investors over the staying power of tech stocks, here’s one sector idea that is starting to come into its own.","The healthcare sector was a contrarian pick for SoFi's Liz Thomas this year, that could come into its own in 2026. - Getty Images
Year-end angst just keeps hitting investors, with no signs of dip-bu… [+7267 chars]",MarketWatch,2025-11-18T15:35:00Z,https://www.marketwatch.com/story/this-sector-is-heating-up-as-investors-get-skittish-on-tech-why-it-may-be-the-dark-horse-for-2026-8ace2f65
This Chinese EV Company Is Better Than BYD,"EV giant BYD gets all the credit for the growth of the Chinese electric vehicle (EV) market. As it passed Tesla Inc. (NASDAQ: TSLA) based on global EV sales last year, it hit the top of its game. However, the number two EV company in China recently had a brea…","EV giant BYD gets all the credit for the growth of the Chinese electric vehicle (EV) market. As it passed Tesla Inc. (NASDAQ: TSLA) based on global EV sales last year, it hit the top of its game. How… [+151 chars]",Biztoc.com,2025-11-18T15:22:03Z,https://biztoc.com/x/81b8e5297118fdbf
Stocks Fall on Tech Stock Weakness and Disappointing Home Depot Earnings,"The S&P 500 Index ($SPX ) (SPY ) today is down by -0.51%, the Dow Jones Industrials Index ($DOWI ) (DIA ) is down by -0.86%, and the Nasdaq 100 Index ($IUXX ...","The S&amp;P 500 Index ($SPX) (SPY) today is down by -0.51%, the Dow Jones Industrials Index ($DOWI) (DIA) is down by -0.86%, and the Nasdaq 100 Index ($IUXX) (QQQ) is down by -0.90%.  December E-mini… [+6879 chars]",Barchart.com,2025-11-18T15:13:21Z,https://www.barchart.com/story/news/36186128/stocks-fall-on-tech-stock-weakness-and-disappointing-home-depot-earnings
This Chinese EV Company Is Better Than BYD,"EV giant BYD gets all the credit for the growth of the Chinese electric vehicle (EV) market. As it passed Tesla Inc. (NASDAQ: TSLA) based on global EV sales last year, it hit the top of its game. However, the number two EV company in China recently had a brea…","EV giant BYD gets all the credit for the growth of the Chinese electric vehicle (EV) market. As it passed Tesla Inc. (NASDAQ: TSLA) based on global EV sales last year, it hit the top of its game. How… [+147 chars]",Biztoc.com,2025-11-18T14:59:09Z,https://biztoc.com/x/889ca10fc99dd007
"Stock market today: Dow, S&P 500, Nasdaq sink as worries on AI, US economy hit markets before Nvidia earnings",This year's AI-fueled stock rally faces two key tests this week.,"US stocks retreated on Tuesday as worries about an AI bubble and the broader US economy continued to set markets on edge, with a pivotal Nvidia (NVDA) earnings report and shutdown-delayed jobs data o… [+7086 chars]",Yahoo Entertainment,2025-11-18T14:38:45Z,https://finance.yahoo.com/news/live/stock-market-today-dow-sp-500-nasdaq-sink-as-worries-on-ai-us-economy-hit-markets-before-nvidia-earnings-143845338.html
Tesla Maintained at Hold by Truist After Musk Compensation Plan Approval,"Tesla, Inc. (NASDAQ:TSLA) is one of the AI Stocks Investors Are Watching. On November 11, Truist Securities analyst William Stein reiterated a Hold rating on...","Tesla, Inc. (NASDAQ:TSLA) is one of the AI Stocks Investors Are Watching. On November 11, Truist Securities analyst William Stein reiterated a Hold rating on the stock with a $406.00 price target fol… [+2036 chars]",Yahoo Entertainment,2025-11-18T03:19:01Z,https://finance.yahoo.com/news/tesla-maintained-hold-truist-musk-031901571.html
Stocks Fall Ahead of Nvidia Earnings and US Economic Data,"The S&P 500 Index ($SPX ) (SPY ) on Monday fell by -0.92%, the Dow Jones Industrials Index ($DOWI ) (DIA ) fell by -1.18%, and the Nasdaq 100 Index ($IUXX ) ...","The S&amp;P 500 Index ($SPX) (SPY) on Monday fell by -0.92%, the Dow Jones Industrials Index ($DOWI) (DIA) fell by -1.18%, and the Nasdaq 100 Index ($IUXX) (QQQ) fell by -0.83%.  December E-mini S&am… [+6904 chars]",Barchart.com,2025-11-17T21:57:58Z,https://www.barchart.com/story/news/36169716/stocks-fall-ahead-of-nvidia-earnings-and-us-economic-data
"Stock market today: Dow, S&P 500, Nasdaq slide as sell-off resumes ahead of Nvidia earnings, jobs data",Investors get their first official read on the labor market this week after a shutdown-induced blackout.,"Blue-chip stocks saw a third day of losses on Monday as Wall Street's slump continued amid doubts about interest rate cuts, as investors looked ahead to high-stakes Nvidia (NVDA) earnings and the del… [+11375 chars]",Yahoo Entertainment,2025-11-17T21:05:01Z,https://finance.yahoo.com/news/live/stock-market-today-dow-sp-500-nasdaq-slide-as-sell-off-resumes-ahead-of-nvidia-earnings-jobs-data-181130773.html
"Tesla Stock Gains As Stifel Boosts Price Target to $508, Reaffirms Buy Rating","Tesla Inc (NASDAQ:TSLA) shares are trading higher on Monday after Stifel maintained a Buy rating and raised its price target on the stock from $483 to $508.
TSLA is trading at elevated levels. See the market dynamics here.
What Happened: Stifel analyst Stephe…",Tesla Inc (NASDAQ:TSLA) shares are trading higher on Monday after Stifel maintained a Buy rating and raised its price target on the stock from $483 to $508.TSLA is trading at elevated levels. See the… [+142 chars],Biztoc.com,2025-11-17T20:35:38Z,https://biztoc.com/x/84973a74494cf680
Elon Musk Warns ‘The Only Way to Get Us Out of the Debt Crisis’ and ‘Prevent America from Going Bankrupt is AI and Robotics’,Elon Musk argues that America’s mounting national debt is unsustainable under current political constraints and asserts that only rapid economic growth...,"In a wide-ranging conversation on the Joe Rogan Experience, Tesla (TSLA) and SpaceX CEO Elon Musk offered a characteristically direct assessment of the United States fiscal trajectory. Known for spea… [+3508 chars]",Barchart.com,2025-11-17T19:30:02Z,https://www.barchart.com/story/news/36167369/elon-musk-warns-the-only-way-to-get-us-out-of-the-debt-crisis-and-prevent-america-from-going-bankrupt-is-ai-and-robotics
Peter Thiel slashes Tesla (TSLA) stake as Elon Musk warns shorts,"Billionaire investor Peter Thiel’s fund, Thiel Macro LLC, has significantly cut its position in Tesla (TSLA), according to a new Q3 2025 13F filing.
Thiel, who is close to Musk, is retreating from his Tesla investment at a time when the CEO told shareholders …","Billionaire investor Peter Thiels fund, Thiel Macro LLC, has significantly cut its position in Tesla (TSLA), according to a new Q3 2025 13F filing.Thiel, who is close to Musk, is retreating from his … [+148 chars]",Biztoc.com,2025-11-17T19:17:58Z,https://biztoc.com/x/c64d3b56afd44a94
Wedbush Says to Push Through the ‘Whiteknuckle Moment’ and Keep Buying Palantir Stock,"Selloffs in the market these days almost always bring back the debate about market valuations and the strength of the economy. When the selloff happens in tech stocks, the “AI Bubble” debate is added to the mix. This is what happened last week when stocks lik…","Selloffs in the market these days almost always bring back the debate about market valuations and the strength of the economy. When the selloff happens in tech stocks, the AI Bubble debate is added t… [+140 chars]",Biztoc.com,2025-11-17T17:58:45Z,https://biztoc.com/x/ef33812196f68949
Wedbush Says to Push Through the ‘Whiteknuckle Moment’ and Keep Buying Palantir Stock,Wedbush acknowledges that there has been a brutal period for tech stocks but says that the selloff is a buying opportunity and NVDA earnings will be another ...,"Selloffs in the market these days almost always bring back the debate about market valuations and the strength of the economy. When the selloff happens in tech stocks, the AI Bubble debate is added t… [+3890 chars]",Barchart.com,2025-11-17T17:46:04Z,https://www.barchart.com/story/news/36165824/wedbush-says-to-push-through-the-whiteknuckle-moment-and-keep-buying-palantir-stock
‘It Is Alien Technology’: Elon Musk Says It ‘Shouldn’t Be Possible’ for Cybertruck to Be ‘That Big and That Fast’,"When Elon Musk unveiled the Tesla (TSLA) Cybertruck, the vehicle’s radical design polarized audiences, sparking both fascination and confusion. Its sharp, angular frame and steel exoskeleton broke dramatically from traditional truck aesthetics. For Musk, howe…","When Elon Musk unveiled the Tesla (TSLA) Cybertruck, the vehicles radical design polarized audiences, sparking both fascination and confusion. Its sharp, angular frame and steel exoskeleton broke dra… [+146 chars]",Biztoc.com,2025-11-17T17:02:59Z,https://biztoc.com/x/f640fb3234d7b8da
‘It Is Alien Technology’: Elon Musk Says It ‘Shouldn’t Be Possible’ for Cybertruck to Be ‘That Big and That Fast’,"Elon Musk’s vision for Tesla’s Cybertruck reflects his blend of futurism, functionality, and survivalist design philosophy rooted in bold practicality.","When Elon Musk unveiled the Tesla (TSLA) Cybertruck, the vehicles radical design polarized audiences, sparking both fascination and confusion. Its sharp, angular frame and steel exoskeleton broke dra… [+4088 chars]",Barchart.com,2025-11-17T17:00:02Z,https://www.barchart.com/story/news/36164727/it-is-alien-technology-elon-musk-says-it-shouldnt-be-possible-for-cybertruck-to-be-that-big-and-that-fast
Stocks Pressured Ahead of Nvidia Earnings and US Economic Data,"The S&P 500 Index ($SPX ) (SPY ) today is down -0.49%, the Dow Jones Industrials Index ($DOWI ) (DIA ) is down -0.50%, and the Nasdaq 100 Index ($IUXX ) (QQQ...","The S&amp;P 500 Index ($SPX) (SPY) today is down -0.49%, the Dow Jones Industrials Index ($DOWI) (DIA) is down -0.50%, and the Nasdaq 100 Index ($IUXX) (QQQ) is down -0.46%.  December E-mini S&amp;P … [+6684 chars]",Barchart.com,2025-11-17T16:55:47Z,https://www.barchart.com/story/news/36164627/stocks-pressured-ahead-of-nvidia-earnings-and-us-economic-data
Analysts Love Nvidia Heading into Wednesday Earnings,"With AI bubble talk, markets are swimming in red. However, that’s not stopping analysts from pounding the table over stocks like Nvidia (NASDAQ: NVDA...","BING-JHEN HONG / iStock Editorial via Getty Images
<ul><li>Analysts at Jefferies just upgraded Gap to a buy rating, with a price target of $30. The firm expects Gap to build on its strong momentum t… [+2865 chars]",24/7 Wall St.,2025-11-17T16:10:45Z,https://247wallst.com/investing/2025/11/17/analysts-love-nvidia-heading-into-wednesday-earnings/
Should You Buy Nvidia Stock Before November 19 or Wait for a Post-Earnings Dip?,Nvidia is set to release its Q3 earnings this week. NVDA stock could be in a post-earnings pop given the reasonable valuations and expectations of upbeat...,"Nvidia (NVDA) is set to release its fiscal Q3 2026 earnings on Nov. 19 after the close of markets. The worlds most valuable company's earnings are always an event worth watching, but even more so thi… [+4898 chars]",Barchart.com,2025-11-17T16:09:05Z,https://www.barchart.com/story/news/36163934/should-you-buy-nvidia-stock-before-november-19-or-wait-for-a-post-earnings-dip
"Tesla stock rises as Stifel gets bullish on FSD, robotaxis",Tesla stock moved higher on Monday following a rough past week as investment bank Stifel gets bullish.,"Tesla stock moved higher on Monday following a rough week as investment bank Stifel gets bullish.
Analyst Stephen Gengaro upped his Tesla price target to $508 from $483 and maintained his Buy rating… [+2588 chars]",Yahoo Entertainment,2025-11-17T16:05:42Z,https://finance.yahoo.com/news/tesla-stock-rises-as-stifel-gets-bullish-on-fsd-robotaxis-160542089.html
Should You Buy the Pop in Tesla Shares Today?,Here’s how you should play TSLA stock with shares down 7% over the past 5 days.,"Teslas (TSLA) recent plunge amidst broader pressure on artificial intelligence (AI)-focused names has pushed it down nearly 7% over the past five sessions. However, shares are turning around, up just… [+1973 chars]",Barchart.com,2025-11-17T16:02:54Z,https://www.barchart.com/story/news/36163808/should-you-buy-the-pop-in-tesla-shares-today
Here’s How an Underweight Exposure to Tesla (TSLA) Impacted Aristotle Atlantic’s Large Cap Growth Strategy,"Here’s How an Underweight Exposure to Tesla (TSLA) Impacted Aristotle Atlantic’s Large Cap Growth Strategy
Aristotle Atlantic Partners, LLC, an investment advisor, released its “Large Cap Growth Strategy” third-quarter 2025 investor letter. A copy of the lett…","Heres How an Underweight Exposure to Tesla (TSLA) Impacted Aristotle Atlantics Large Cap Growth StrategyAristotle Atlantic Partners, LLC, an investment advisor, released its Large Cap Growth Strategy… [+147 chars]",Biztoc.com,2025-11-17T15:11:17Z,https://biztoc.com/x/256c4b3f5a0a936d
Here’s How an Underweight Exposure to Tesla (TSLA) Impacted Aristotle Atlantic’s Large Cap Growth Strategy,"Aristotle Atlantic Partners, LLC, an investment advisor, released its “Large Cap Growth Strategy” third-quarter 2025 investor letter. A copy of the letter...","Aristotle Atlantic Partners, LLC, an investment advisor, released its Large Cap Growth Strategy third-quarter 2025 investor letter. A copy of the letter can be downloaded here. In the quarter, the US… [+2780 chars]",Yahoo Entertainment,2025-11-17T14:49:36Z,https://finance.yahoo.com/news/underweight-exposure-tesla-tsla-impacted-144936364.html
Morgan Stanley hikes S&P 500 target for next year. Here are the plays to make.,Earnings growth and an accommodative Fed will support market multiples says Mike Wilson,"Morgan Stanley analysts say the door will remain open for stock-market gains next year. - Spencer Platt/Getty Images
The dips are still being bought: S&amp;P 500 futures at the start of the week are… [+7812 chars]",MarketWatch,2025-11-17T14:38:00Z,https://www.marketwatch.com/story/morgan-stanley-hikes-s-p-500-target-for-next-year-here-are-the-plays-to-make-388cad9a
Peter Thiel slashes Tesla (TSLA) stake as Elon Musk warns shorts,"Billionaire investor Peter Thiel’s fund, Thiel Macro LLC, has significantly cut its position in Tesla (TSLA), according to a new Q3 2025 13F filing.



Thiel, who is close to Musk, is retreating from his Tesla investment at a time when the CEO told shareholde…","Billionaire investor Peter Thiel’s fund, Thiel Macro LLC, has significantly cut its position in Tesla (TSLA), according to a new Q3 2025 13F filing.
Thiel, who is close to Musk, is retreating from h… [+2733 chars]",Electrek,2025-11-17T13:34:09Z,http://electrek.co/2025/11/17/peter-thiel-slashes-tesla-tsla-stake-as-elon-musk-warns-shorts/
Jim Cramer Comments On Tesla (TSLA)’s Share Price Drop,"We recently published 10 Stocks Jim Cramer Talked About & Revealed Why He’s Critical Of OpenAI. Tesla, Inc. (NASDAQ:TSLA) is one of the stocks Jim Cramer talked about.
Tesla, Inc. (NASDAQ:TSLA)’s shares opened lower yesterday, and Cramer discussed the stock p…","We recently published 10 Stocks Jim Cramer Talked About &amp; Revealed Why Hes Critical Of OpenAI. Tesla, Inc. (NASDAQ:TSLA) is one of the stocks Jim Cramer talked about.Tesla, Inc. (NASDAQ:TSLA)s sh… [+152 chars]",Biztoc.com,2025-11-17T12:57:29Z,https://biztoc.com/x/1a49499a926f350c
Peter Thiel follows SoftBank in quitting Nvidia position as talk of AI bubble intensifies,"A week after Japan’s richest man disclosed that his firm fully divested his $5.8 billion stake in Nvidia, one of America’s richest, Peter Thiel, has said...","Thiel, a co-founder of PayPal and the first outside investor in Facebook, seen in November 2016 at Trump Tower in Manhattan. - Drew Angerer/Getty Images
A previous version of this report misspelled … [+2214 chars]",MarketWatch,2025-11-17T12:43:00Z,https://www.marketwatch.com/story/first-softbank-and-now-peter-thiel-dumps-nvidia-position-as-talk-of-ai-bubble-intensifies-06d184b4
Jim Cramer Comments On Tesla (TSLA)’s Share Price Drop,"We recently published 10 Stocks Jim Cramer Talked About & Revealed Why He’s Critical Of OpenAI. Tesla, Inc. (NASDAQ:TSLA) is one of the stocks Jim Cramer...","We recently published 10 Stocks Jim Cramer Talked About &amp; Revealed Why Hes Critical Of OpenAI. Tesla, Inc. (NASDAQ:TSLA) is one of the stocks Jim Cramer talked about.
Tesla, Inc. (NASDAQ:TSLA)s … [+1836 chars]",Yahoo Entertainment,2025-11-17T12:33:08Z,https://finance.yahoo.com/news/jim-cramer-comments-tesla-tsla-123308501.html
Option Volatility and Earnings Report for November 17 - 21,"It’s a big week for earnings this week with Nvidia and some key retail names taking center stage. This week we have Nvidia, Home Depot, Walmart, Target...","Its a big week for earnings this week with Nvidia and some key retail names taking center stage. This week we have Nvidia (NVDA), Home Depot (HD), Walmart (WMT), Target (TGT), Lowes (LOW), Palo Alto … [+3310 chars]",Barchart.com,2025-11-17T12:00:02Z,https://www.barchart.com/story/news/36156813/option-volatility-and-earnings-report-for-november-17-21
Chinese EV maker XPeng forecasts Q4 revenue below estimates amid fierce competition,"The EV maker forecast fourth-quarter revenue below estimates on  Monday, as a prolonged price war and ​intensifying competition in the world's largest auto...","(Reuters) -Chinese electric vehicle maker XPeng (XPEV) forecast fourth-quarter revenue below estimates on Monday, as a prolonged price war and intensifying competition in the world's largest auto mar… [+1884 chars]",Yahoo Entertainment,2025-11-17T11:48:32Z,https://finance.yahoo.com/news/chinese-ev-maker-xpeng-forecasts-114832685.html
Electric vehicle sales are booming in South America — without Tesla,By Lucinda Elliott and Marco Aquino MONTEVIDEO/LIMA (Reuters) -When Peruvian green energy entrepreneur Luis Zwiebach wanted to buy an electric vehicle in...,"MONTEVIDEO/LIMA (Reuters) -When Peruvian green energy entrepreneur Luis Zwiebach wanted to buy an electric vehicle in 2019, he flew 4,000 miles to California to test drive Teslas (TSLA) Model 3 sedan… [+9545 chars]",Yahoo Entertainment,2025-11-17T09:05:54Z,https://finance.yahoo.com/news/electric-vehicle-sales-booming-south-090554677.html
"Stock market today: Dow, Nasdaq, S&P 500 slip as investors look ahead to Nvidia earnings, jobs report",Investors get their first official read on the labor market this week after a shutdown-induced blackout.,"US stocks wavered on Monday amid doubts about interest rate cuts, as investors looked ahead to high-stakes Nvidia (NVDA) earnings and the delayed September jobs report.
The tech-heavy Nasdaq Composi… [+8222 chars]",Yahoo Entertainment,2025-11-17T01:19:44Z,https://finance.yahoo.com/news/live/stock-market-today-dow-nasdaq-sp-500-wobble-as-investors-look-ahead-to-nvidia-earnings-jobs-report-011944169.html
"Stock market today: Nasdaq, S&P 500 futures wobble as investors look ahead to Nvidia earnings, jobs report",Investors get their first official read on the labor market this week after a shutdown-induced blackout.,"US stock futures struggled on Monday to revive a rally stalled by doubts about interest-rate cuts, as investors looked ahead to high-stakes Nvidia (NVDA) earnings and the delayed September jobs repor… [+6759 chars]",Yahoo Entertainment,2025-11-17T01:19:44Z,https://finance.yahoo.com/news/live/stock-market-today-nasdaq-sp-500-futures-wobble-as-investors-look-ahead-to-nvidia-earnings-jobs-report-011944956.html
"Stock market today: Nasdaq, S&P 500 futures waver as investors look ahead to Nvidia earnings, jobs report",Investors get their first official read on the labor market this week after a shutdown-induced blackout.,"US stock futures struggled on Monday to revive a rally stalled by doubts about interest-rate cuts, as investors looked ahead to high-stakes Nvidia (NVDA) earnings and the delayed September jobs repor… [+4805 chars]",Yahoo Entertainment,2025-11-17T01:19:44Z,https://finance.yahoo.com/news/live/stock-market-today-nasdaq-sp-500-futures-waver-as-investors-look-ahead-to-nvidia-earnings-jobs-report-011944135.html
Elon Musk Says Tesla’s (TSLA) Optimus Robot May Move Into Surgery in Future Plan,Elon Musk set a new goal for Tesla (TSLA) at an event in New York City. He said the Optimus robot could one day do surgery with great skill. He said this could give each person access to top care. He also stated that there are not enough skilled surgeons and …,Elon Musk set a new goal for Tesla (TSLA) at an event in New York City. He said the Optimus robot could one day do surgery with great skill. He said this could give each person access to top care. He… [+150 chars],Biztoc.com,2025-11-16T19:29:06Z,https://biztoc.com/x/659fa659a4a70eb1
"Peter Thiel dumps top AI stock, stirring bubble fears","Billionaire Peter Thiel’s latest 13F didn’t show off a mere trim, but a full-blown exit from AI bellwether Nvidia (NVDA). It comes at a surprising point when...","Billionaire Peter Thiels latest 13F didnt show off a mere trim, but a full-blown exit from AI bellwether Nvidia (NVDA).
It comes at a surprising point when Wall Streets been busy declaring the chipm… [+4382 chars]",TheStreet,2025-11-16T14:33:00Z,https://www.thestreet.com/investing/peter-thiel-dumps-top-ai-stock-stirring-bubble-fears
Links 11/16/2025,"Our strategic daily links: undersea courtship, chemtrails, Venezuela tensions, China EV slowdown, crumbling parliament, Gaza horrors, Ukraine burning, vanishing privacy, Trumpishness, Musk world, hapless Democrats, immigration troubles, Mr. market, AI, and wr…","When researchers found this kind of mysterious underwater ‘crop circles’, they did not know the cause.
Then, they proved to be amazing artwork made by pufferfish to attract and win a mate. pic.twitt… [+8325 chars]",Nakedcapitalism.com,2025-11-16T11:55:18Z,https://www.nakedcapitalism.com/2025/11/links-11-6-2025-2.html
"Tesla Model Y Owner Says Safety Systems Protected Her, 3-Year-Old In Head-On Crash","A Tesla Inc. (NASDAQ:TSLA) Model Y owner reported that the vehicle’s safety systems protected her and her 3-year-old son during a head-on collision.
Check out the current price of TSLA stock here. 
Airbag Deployment Limits Injuries
According to the Reddit pos…",A Tesla Inc. (NASDAQ:TSLA) Model Y owner reported that the vehicles safety systems protected her and her 3-year-old son during a head-on collision.Check out the current price of TSLA stock here. Airb… [+140 chars],Biztoc.com,2025-11-16T07:58:47Z,https://biztoc.com/x/9de724fd3a249abe
Rivian Takes a Page Out of Tesla's Playbook – Is it the Right Move?,"Key Points
-
Tesla shareholders approved a lucrative award package worth up to $1 trillion.
-
Rivian is also preparing a 10-year deal for its CEO with new performance benchmarks.
-
It's important to have the CEO and other executives be incentivized for compan…",Key Points-Tesla shareholders approved a lucrative award package worth up to $1 trillion.-Rivian is also preparing a 10-year deal for its CEO with new performance benchmarks.-It's important to have t… [+141 chars],Biztoc.com,2025-11-15T14:53:46Z,https://biztoc.com/x/9fff6dc695ad959e
"Tesla requires suppliers to avoid China-made parts for US cars, WSJ reports","Tesla (TSLA) is now requiring its suppliers to exclude China-made components in the manufacturing of its cars in the United States, the Wall Street Journal reported on Friday.
The Elon Musk-led automaker and its suppliers have already replaced some China-made…","Tesla (TSLA) is now requiring its suppliers to exclude China-made components in the manufacturing of its cars in the United States, the Wall Street Journal reported on Friday.The Elon Musk-led automa… [+151 chars]",Biztoc.com,2025-11-15T13:01:40Z,https://biztoc.com/x/a9d22d3e2f6583ae
"Tesla requires suppliers to avoid China-made parts for US cars, WSJ reports","() -Tesla is now requiring its suppliers to exclude China-made components in the manufacturing of its cars ​in the United States, the Wall Street Journal...","(Reuters) -Tesla (TSLA) is now requiring its suppliers to exclude China-made components in the manufacturing of its cars in the United States, the Wall Street Journal reported on Friday.
The Elon Mu… [+1529 chars]",Yahoo Entertainment,2025-11-15T09:55:59Z,https://finance.yahoo.com/news/tesla-requires-suppliers-avoid-china-095559624.html
Wells Fargo Reaffirms Underweight on Tesla (TSLA) Amid Sharp Delivery Declines,Tesla Inc. (NASDAQ:TSLA) is among the most fantastic stocks every investor should pay attention to. With its innovations in electric vehicles and autonomous ...,"Tesla Inc. (NASDAQ:TSLA) is among the most fantastic stocks every investor should pay attention to. With its innovations in electric vehicles and autonomous driving technology, the company remains a … [+2352 chars]",Yahoo Entertainment,2025-11-15T06:10:43Z,https://finance.yahoo.com/news/wells-fargo-reaffirms-underweight-tesla-061043431.html
Wall Street Touts Tesla Inc. (TSLA) Prospects Following $1Trillion Elon Musk Compensation Approval,"Tesla Inc. (NASDAQ:TSLA) is one of the best blue-chip stocks to buy now. On November 11, analysts at Truist Securities expressed confidence in Tesla Inc.’s (...","Tesla Inc. (NASDAQ:TSLA) is one of the best blue-chip stocks to buy now. On November 11, analysts at Truist Securities expressed confidence in Tesla Inc.s (NASDAQ:TSLA) prospects following the approv… [+1797 chars]",Yahoo Entertainment,2025-11-15T04:50:43Z,https://finance.yahoo.com/news/wall-street-touts-tesla-inc-045043956.html
Stocks Settle Mixed as Fed Comments Suggest a Rate Cut Pause,"The S&P 500 Index ($SPX ) (SPY ) on Friday closed down -0.05%, the Dow Jones Industrials Index ($DOWI ) (DIA ) closed down -0.65%, and the Nasdaq 100 Index (...","The S&amp;P 500 Index ($SPX) (SPY) on Friday closed down -0.05%, the Dow Jones Industrials Index ($DOWI) (DIA) closed down -0.65%, and the Nasdaq 100 Index ($IUXX) (QQQ) closed up +0.06%.  December E… [+8467 chars]",Barchart.com,2025-11-14T21:45:46Z,https://www.barchart.com/story/news/36133868/stocks-settle-mixed-as-fed-comments-suggest-a-rate-cut-pause
"Stock market today: Dow, S&P 500, Nasdaq close mixed to cap a volatile week as Fed cut in doubt","Stocks recovered from steep losses following the market's worst day in over a month, erasing weeks of gains and pulling back from record highs.","US stocks recovered from earlier losses on Friday, battling back from Wall Street's steepest sell-off in over a month as investors await more economic data in the coming days ahead of the Federal Res… [+10687 chars]",Yahoo Entertainment,2025-11-14T21:00:27Z,https://finance.yahoo.com/news/live/stock-market-today-dow-sp-500-nasdaq-close-mixed-to-cap-a-volatile-week-as-fed-cut-in-doubt-210027944.html
This Analyst Warns Tesla Stock Could Plunge 70% Despite Elon Musk’s $1 Trillion Pay Package Win,"Wells Fargo maintains a $120 price target on shares, warning that its focus on AI and autonomous driving cannot make up for falling sales and delivery...","Tesla (TSLA) is one of the best-known automakers in the world. With a market cap of more than $1 trillion, Elon Musks company dwarfs Toyota (TM), Ford (F), and the rest of the competition.
But these… [+5203 chars]",Barchart.com,2025-11-14T20:07:17Z,https://www.barchart.com/story/news/36132314/this-analyst-warns-tesla-stock-could-plunge-70-despite-elon-musks-1-trillion-pay-package-win
Is Tesla Stock a Buy Below $400?,Tesla shares have pulled back in November amid a broader selloff in AI-focused names. Are TSLA shares worth buying near the $400 level? Let’s find out!,"Tesla (TSLA) shares remain subdued as investors continue to reassess their exposure to artificial intelligence (AI) stocks, especially amid renewed macroeconomic uncertainty.
According to White Hous… [+1888 chars]",Barchart.com,2025-11-14T18:19:42Z,https://www.barchart.com/story/news/36130776/is-tesla-stock-a-buy-below-400
"Tech crash alert: $1.5 trillion lost from US stock market in just 48 hours — Nasdaq, S&P 500, Dow fall as rate cut hopes fade","US stock market crash today: Wall Street witnessed a massive $1.5 trillion market value erosion in tech giants over two days. Investor sentiment soured as hopes for a December Federal Reserve interest rate cut faded, pushing the next expected reduction to Mar…","US stock market crash today: Wall Street saw a dramatic shakeup over the past two days, with large-cap technology companies losing $1.5 trillion in market value, as per a report. The sudden drop come… [+5024 chars]",The Times of India,2025-11-14T17:13:20Z,https://economictimes.indiatimes.com/news/international/us/tech-crash-alert-1-5-trillion-lost-from-us-stock-market-in-just-48-hours-nasdaq-sp-500-dow-fall-as-rate-cut-hopes-fade/articleshow/125331514.cms
"Why are the Dow, S&P 500 and Nasdaq falling today? Here’s why Wall Street’s top gainers and losers are shifting fast","US Stock market today: U.S. stocks fell Friday as investors grew doubtful about a December Fed rate cut. The Dow dropped 0.8%, while the S&P 500 and Nasdaq each slipped about 0.5%. Tesla fell below $400, Nvidia wobbled, and Bitcoin dropped under $96,000, down…",US stock market today: U.S. stocks fell on Friday as investors grew increasingly doubtful about a December interest-rate cut by the Federal Reserve. The Dow Jones Industrial Average dropped around 0.… [+6535 chars],The Times of India,2025-11-14T16:34:11Z,https://economictimes.indiatimes.com/news/international/us/why-are-the-dow-sp-500-and-nasdaq-falling-today-heres-why-wall-streets-top-gainers-and-losers-are-shifting-fast/articleshow/125331132.cms
Tesla stock falls sharply as Elon Musk’s $1 billion share buy faces possible loss,"Tesla stock is falling fast this week, and investors are worried about the sharp drop. The share price has gone below important levels, and there is concern that Elon Musk’s recent Tesla stock buy may now be in loss. Traders are watching robotaxi plans, marke…",Tesla stock dropped sharply on Thursday and kept falling before Fridays market open. Tesla (TSLA) shares sold off on Thursday and continued to sink early Friday. The fall could mean Elon Musk may los… [+2734 chars],The Times of India,2025-11-14T15:12:29Z,https://economictimes.indiatimes.com/news/international/us/tesla-stock-falls-sharply-as-elon-musks-1-billion-share-buy-faces-possible-loss/articleshow/125330311.cms
"Stock Market Today: Dow Jones Index Slides Another 300 Points; Nvidia, Tesla Extend Losses (Live Coverage)","Futures for the Dow Jones Industrial Average and the other major stock indexes traded sharply lower in premarket action as the heavy selling continued on Wall Street Friday. Among the early losers on the stock market today were Nvidia (NVDA) and Tesla (TSLA),…",Futures for the Dow Jones Industrial Average and the other major stock indexes traded sharply lower in premarket action as the heavy selling continued on Wall Street Friday. Among the early losers on… [+138 chars],Biztoc.com,2025-11-14T14:08:54Z,https://biztoc.com/x/c857ee6299866c78
Stock Index Futures Plunge on Fed Rate-Cut Doubts and Valuation Concerns,"December S&P 500 E-Mini futures (ESZ25) are down -0.97%, and December Nasdaq 100 E-Mini futures (NQZ25) are down -1.29% this morning, pointing to further...","December S&amp;P 500 E-Mini futures (ESZ25) are down -0.97%, and December Nasdaq 100 E-Mini futures (NQZ25) are down -1.29% this morning, pointing to further losses on Wall Street as worries over str… [+10513 chars]",Barchart.com,2025-11-14T11:18:49Z,https://www.barchart.com/story/news/36121360/stock-index-futures-slip-on-fed-rate-cut-doubts-and-valuation-concerns
FTSE 100 LIVE: London slides and UK gilts sell as Reeves spooks market with tax U-turn,The chancellor is reportedly looking to trim the thresholds at which people pay different rates of income tax,"The FTSE 100 (^FTSE) and European stocks followed Wall Street and Asia lower as markets opened on Friday, selling off as a global aversion to risk grips markets and Rachel Reeves appeared to U-turn o… [+5237 chars]",Yahoo Entertainment,2025-11-14T09:22:25Z,https://uk.finance.yahoo.com/news/ftse-100-live-markets-reeves-drops-budget-plan-raise-income-tax-092225015.html
Tesla Showroom Fire Destroys 24 Vehicles In France — Authorities Suspect Arson: Report,"A Tesla Inc. (NASDAQ:TSLA) showroom in France reported a fire incident resulting in major losses.
Check out the current price of TSLA here.
24 Cars Destroyed
The fire took place in a small town called Pennes-Mirabeau, outside the French city of Marseille, in …",A Tesla Inc. (NASDAQ:TSLA) showroom in France reported a fire incident resulting in major losses.Check out the current price of TSLA here.24 Cars DestroyedThe fire took place in a small town called P… [+143 chars],Biztoc.com,2025-11-14T04:27:06Z,https://biztoc.com/x/651bea91296a3bee
3 reasons why Bitcoin and risk markets sold off: Is a recovery on the horizon?,"Bitcoin’s recent weakness mirrors broader economic uncertainty, as unreliable economic data and shifting expectations on US growth and policy cloud investor confidence.","Key takeaways:
<ul><li>Disney and other consumer names disappointed on earnings, adding pressure to markets after the prolonged US government shutdown.
</li><li>Analysts see no sign of insider-driv… [+4086 chars]",Cointelegraph,2025-11-14T00:45:44Z,https://cointelegraph.com/news/3-reasons-why-bitcoin-and-risk-markets-sold-off-is-a-recovery-on-the-horizon
"If You Invested $1000 In Tesla Stock 15 Years Ago, You Would Have This Much Today","Tesla (NASDAQ:TSLA) has outperformed the market over the past 15 years by 29.95% on an annualized basis producing an average annual return of 42.1%. Currently, Tesla has a market capitalization of $1.34 trillion. 
Buying $1000 In TSLA: If an ...
Full story av…","Tesla (NASDAQ:TSLA) has outperformed the market over the past 15 years by 29.95% on an annualized basis producing an average annual return of 42.1%. Currently, Tesla has a market capitalization of $1… [+139 chars]",Biztoc.com,2025-11-13T23:58:53Z,https://biztoc.com/x/dab9f867a148f534
"Stock market today: Dow slides, Nasdaq pares losses as Fed rate-cut doubts creep in","Stock futures have inched up following the market's worst day in over a month, erasing weeks of gains and pulling back from record highs.","US stocks recovered from steeper losses Friday, battling back from Wall Street's steepest sell-off in over a month amid ebbing faith in a December interest-rate cut following the longest-ever governm… [+6769 chars]",Yahoo Entertainment,2025-11-13T23:51:30Z,https://finance.yahoo.com/news/live/stock-market-today-dow-slides-nasdaq-recovers-amid-growing-doubts-on-fed-rate-cut-path-235130256.html
"Stock market today: Dow, S&P 500, Nasdaq futures dive after bruising sell-off as rate-cut doubts creep in","Stock futures have inched up following the market's worst day in over a month, erasing weeks of gains and pulling back from record highs.","US stock futures fell sharply on Friday, set to add to Wall Street's steepest sell-off in over a month as ebbing faith in a December interest-rate cut puts pressure on riskier assets like Big Techs.… [+5569 chars]",Yahoo Entertainment,2025-11-13T23:51:30Z,https://finance.yahoo.com/news/live/stock-market-today-dow-sp-500-nasdaq-futures-dive-after-bruising-sell-off-as-rate-cut-doubts-creep-in-235130357.html
"Stock market today: Dow, S&P 500, Nasdaq dive, deepening bruising sell-off as rate-cut doubts creep in","Stock futures have inched up following the market's worst day in over a month, erasing weeks of gains and pulling back from record highs.","US stocks fell sharply on Friday, set to add to Wall Street's steepest sell-off in over a month as ebbing faith in a December interest-rate cut puts pressure on riskier assets like Big Techs.
The Do… [+6172 chars]",Yahoo Entertainment,2025-11-13T23:51:30Z,https://finance.yahoo.com/news/live/stock-market-today-dow-sp-500-nasdaq-dive-deepening-bruising-sell-off-as-rate-cut-doubts-creep-in-235130386.html
Dow’s big drop after a record close is fairly rare. How doubts about December rate cut are weighing on Wall Street.,"The Dow’s large drop on Thursday was fairly rare in the wake of its close at a fresh record high, according to Dow Jones Market Data","Stocks were swept up in a broad-based selloff on Thursday. - AFP via Getty Images
It was an unusually rough day on Wall Street.
Major U.S. equity indexes, including the S&amp;P 500 index, Nasdaq Co… [+4893 chars]",MarketWatch,2025-11-13T22:51:00Z,https://www.marketwatch.com/story/dows-big-drop-after-a-record-close-is-fairly-rare-how-doubts-about-december-rate-cut-are-weighing-on-wall-street-0e6bbff9
Frozen economic data could mean no December rate cut — and investors are rebelling,,"{ window.open(this.href, '_blank'); }, 200); return false;""&gt;Why is Canadian travel to the US declining? { window.open(this.href, '_blank'); }, 200); return false;""&gt;What boosted Warner Bros. Dis… [+738 chars]",Biztoc.com,2025-11-13T22:07:12Z,https://biztoc.com/x/cc8432eb0d336890
Stocks Slump on Reduced Fed Rate Cut Chances,"The S&P 500 Index ($SPX ) (SPY ) on Thursday closed down -1.66%, the Dow Jones Industrials Index ($DOWI ) (DIA ) closed down -1.65%, and the Nasdaq 100 Index...","The S&amp;P 500 Index ($SPX) (SPY) on Thursday closed down -1.66%, the Dow Jones Industrials Index ($DOWI) (DIA) closed down -1.65%, and the Nasdaq 100 Index ($IUXX) (QQQ) closed down -2.05%.  Decemb… [+7835 chars]",Barchart.com,2025-11-13T21:35:46Z,https://www.barchart.com/story/news/36111219/stocks-slump-on-reduced-fed-rate-cut-chances
"Stock market today: Dow tumbles 800 points with Nasdaq, S&P 500 hammered as investors pare rate cut bets",The economic after-effects of the shutdown are muddying the picture for rate cuts.,"US stocks fell sharply on Thursday, led by a decline in tech stocks as the end of the longest-ever US government shutdown was met by concern from investors that the Federal Reserve's plans for a Dece… [+13868 chars]",Yahoo Entertainment,2025-11-13T21:01:36Z,https://finance.yahoo.com/news/live/stock-market-today-dow-tumbles-800-points-with-nasdaq-sp-500-hammered-as-investors-pare-rate-cut-bets-210136974.html
fba-finance added to PyPI,Multi-source financial data library with anti-rate-limiting strategies,"Libreria Python multi-source per acquisizione dati finanziari con strategie anti-rate-limiting
FBA Finance è una libreria completa che aggrega multiple fonti di dati finanziari gratuite con fallback… [+9604 chars]",Pypi.org,2025-11-13T20:44:34Z,https://pypi.org/project/fba-finance/
Jim Cramer Discusses Tesla (TSLA) & Elon Musk,"We recently published Jim Cramer Discussed These 25 Stocks In An Important Show About AI Spending. Tesla, Inc. (NASDAQ:TSLA) is one of the stocks Jim Cramer recently discussed.
On the day this show was aired, Tesla, Inc. (NASDAQ:TSLA)’s shareholders hadn’t ap…","We recently published Jim Cramer Discussed These 25 Stocks In An Important Show About AI Spending. Tesla, Inc. (NASDAQ:TSLA) is one of the stocks Jim Cramer recently discussed.On the day this show wa… [+148 chars]",Biztoc.com,2025-11-13T16:55:52Z,https://biztoc.com/x/3907ea9555198923
"Michael Burry Shutters Hedge Fund as Trump’s 50-Year Mortgage Threatens an $11 Trillion Housing Collapse – Is Big Short 2.0 Brewing in Housing, Not Tech?",Michael Burry revealed that he was deregistering his Scion Asset Management after entering put positions on Nvidia and Palantir in the third quarter.,"Michael Burry just closed his hedge fund.
The investor famous for predicting the 2008 housing crisis, and who recently revealed that he was betting against big tech specifically Nvidia (NVDA) and Pa… [+4214 chars]",Barchart.com,2025-11-13T16:45:01Z,https://www.barchart.com/story/news/36104761/michael-burry-shutters-hedge-fund-as-trumps-50-year-mortgage-threatens-an-11-trillion-housing-collapse-is-big-short-2-0-brewing-in-housing-not-tech
Jim Cramer Discusses Tesla (TSLA) & Elon Musk,"We recently published Jim Cramer Discussed These 25 Stocks In An Important Show About AI Spending. Tesla, Inc. (NASDAQ:TSLA) is one of the stocks Jim Cramer ...","We recently published Jim Cramer Discussed These 25 Stocks In An Important Show About AI Spending. Tesla, Inc. (NASDAQ:TSLA) is one of the stocks Jim Cramer recently discussed.
On the day this show … [+1447 chars]",Yahoo Entertainment,2025-11-13T16:36:00Z,https://finance.yahoo.com/news/jim-cramer-discusses-tesla-tsla-163600241.html
Stocks Weighed Down by Weakness in Chipmakers and Megacap Tech Stocks,"The S&P 500 Index ($SPX ) (SPY ) today is down -1.10%, the Dow Jones Industrials Index ($DOWI ) (DIA ) is down -0.68%, and the Nasdaq 100 Index ($IUXX ) (QQQ...","The S&amp;P 500 Index ($SPX) (SPY) today is down -1.10%, the Dow Jones Industrials Index ($DOWI) (DIA) is down -0.68%, and the Nasdaq 100 Index ($IUXX) (QQQ) is down -1.55%.  December E-mini S&amp;P … [+7530 chars]",Barchart.com,2025-11-13T16:18:36Z,https://www.barchart.com/story/news/36104318/stocks-weighed-down-by-weakness-in-chipmakers-and-megacap-tech-stocks
Dan Ives says retail investors are now 'at the adult table' in the stock market,"Famed investor and tech analyst Dan Ives said retail investors are now ""at the adults' table"" and should be taken seriously by Wall Street.","Retail investors now wield considerable power in the stock market.
And after years of exerting more influence over stock moves, one analyst argues their standing in the financial world has moved up … [+2390 chars]",Yahoo Entertainment,2025-11-13T16:12:47Z,https://finance.yahoo.com/news/dan-ives-says-retail-investors-are-now-at-the-adult-table-in-the-stock-market-161247412.html
Live Nasdaq Composite: Markets Struggle to Find Footing Despite Tailwinds,"Live Nasdaq Composite: Markets Struggle to Find Footing Despite Tailwinds
Quick Read
- Stocks declined with the Nasdaq down 1.1% as Meta Platforms (META), Amazon (AMZN) and Tesla (TSLA) pulled back.
- Disney (DIS) beat EPS estimates but missed on revenue due …","Live Nasdaq Composite: Markets Struggle to Find Footing Despite TailwindsQuick Read- Stocks declined with the Nasdaq down 1.1% as Meta Platforms (META), Amazon (AMZN) and Tesla (TSLA) pulled back.- D… [+139 chars]",Biztoc.com,2025-11-13T15:26:05Z,https://biztoc.com/x/4bd0ee606ad3693e
"AI-Fueled Apple, Amazon Partner Engineers New Buy Point — And Sharp Turnaround","and Amazon.com (AMZN) to Cisco Systems (CSCO,) Tesla (TSLA), General Motors (GM) and beyond, major brands work with engineering and supply chain management firm Jabil (JBL) across a wide range of industries. And now after resetting its base count last month, …","and Amazon.com (AMZN) to Cisco Systems (CSCO,) Tesla (TSLA), General Motors (GM) and beyond, major brands work with engineering and supply chain management firm Jabil (JBL) across a wide range of ind… [+147 chars]",Biztoc.com,2025-11-13T13:23:13Z,https://biztoc.com/x/b1f6c857015b1bae
Tesla Stock's Biggest Supporter Cuts Stake For Four Straight Sessions,"Tesla stock is down more than 5% in November and Cathie Wood has sold TSLA in four consecutive sessions.
The post Tesla Stock's Biggest Supporter Cuts Stake For Four Straight Sessions appeared first on Investor's Business Daily.",Tesla stock is down more than 5% in November and Cathie Wood has sold TSLA in four consecutive sessions.The post Tesla Stock's Biggest Supporter Cuts Stake For Four Straight Sessions appeared first o… [+87 chars],Biztoc.com,2025-11-13T13:22:09Z,https://biztoc.com/x/4be1b728165c6656
"Inside Yahoo Finance Invest 2025: Elon Musk's $1 trillion pay package, crypto cracks, and AI bubbles","If you love investing or want to love investing, Yahoo Finance's annual Invest event is here to help!","To say this year has been huge for investors is an understatement.
Stock prices are near a record. The unrelenting AI boom has cemented Nvidia (NVDA) as a $5 trillion giant. Bitcoin is going mainstr… [+5102 chars]",Yahoo Entertainment,2025-11-13T12:01:09Z,https://finance.yahoo.com/news/inside-yahoo-finance-invest-2025-elon-musks-1-trillion-pay-package-crypto-cracks-and-ai-bubbles-120109950.html
Daily ETF Flow: $207M Goes Into IWM,"<p>Here are the daily ETF fund flows for November 11, 2025.</p>","Top 10 Creations (All ETFs)
<table><tr><td>Ticker
</td><td>Name
</td><td>Net Flows ($, mm)
</td><td>AUM ($, mm)
</td><td>AUM % Change
</td></tr><tr><td>VOO
</td><td>Vanguard S&amp;P 500 ETF
<… [+3966 chars]",Etf.com,2025-11-12T23:00:05Z,http://www.etf.com/sections/daily-etf-flows/daily-etf-flow-207m-goes-iwm?utm_source=yahoo-finance&amp;utm_medium=rss&amp;utm_campaign=yahoo-finance-rss
